Mese,Giorno,Prezzo Medio di Chiusura,STD,N,P10,P90,DOY
1,2,18.92055187225342,2.586420346926397,5.0,16.22242259979248,20.884173583984374,2
1,3,17.23298522404262,3.404874258094945,7.0,13.469798278808593,20.501679611206054,3
1,4,16.785178343454998,3.3273656870242205,6.0,13.32390832901001,19.959280967712402,4
1,5,16.55004711151123,3.437540420361198,5.0,13.503088760375977,20.243636703491212,5
1,6,15.757178497314452,2.9251401931688346,5.0,13.670217514038086,18.54722366333008,6
1,7,16.648036384582518,3.2529243810112742,5.0,13.767429542541503,20.19365577697754,7
1,8,18.41547743479411,2.6115599584093383,6.0,15.21957778930664,20.90631675720215,8
1,9,17.834314155578614,2.567825334062833,5.0,15.099192047119141,20.200099563598634,9
1,10,17.551455633980886,2.9916535446122623,7.0,14.218883514404297,20.696120071411134,10
1,11,17.29439338048299,3.012804726370301,6.0,14.287250518798828,20.310404777526855,11
1,12,16.901644134521483,3.184861193210119,5.0,14.08453197479248,20.342172622680664,12
1,13,16.11753978729248,2.816102629303296,5.0,14.11316795349121,18.899953842163086,13
1,14,16.88164520263672,3.3786077952363995,5.0,13.862398529052735,20.58647041320801,14
1,15,17.56020474433899,3.4044240472430896,4.0,14.551969814300538,20.811083221435545,15
1,16,18.982411766052245,2.954747660408814,5.0,15.885416984558105,21.363466262817383,16
1,17,18.559302647908527,3.0916141474850565,6.0,14.931572914123535,21.618900299072266,17
1,18,17.66750011444092,3.2817668844931513,5.0,14.110491943359374,20.668402099609374,18
1,19,16.94039134979248,3.155797176549088,5.0,14.238398361206055,20.35685615539551,19
1,20,14.921905835469564,1.2452968481162476,3.0,13.885445594787598,15.782512855529784,20
1,21,16.351632356643677,3.9144486515968406,4.0,13.850396156311035,20.094108295440677,21
1,22,18.49411090215047,3.4853908412316907,6.0,14.327314853668213,21.933545112609863,22
1,23,18.682347615559895,3.2886670523705726,6.0,14.918288230895996,21.872962951660156,23
1,24,18.12706184387207,3.658443128571439,7.0,13.763075065612792,22.09747772216797,24
1,25,17.6083402633667,3.0169535415971716,6.0,14.304603576660156,20.66935634613037,25
1,26,17.153684234619142,3.2409475863351758,5.0,14.17005958557129,20.634944915771484,26
1,27,16.10773277282715,3.8046664108995656,5.0,13.475610160827637,20.12160453796387,27
1,28,16.86574478149414,3.918720185042334,5.0,13.784393501281738,21.270941543579102,28
1,29,18.424972693125408,3.83811476664211,6.0,13.77794885635376,22.106307983398438,29
1,30,18.86661942799886,3.615048595128533,6.0,14.726068496704102,22.22073268890381,30
1,31,18.288978031703405,3.552578596771727,7.0,13.989606857299805,21.80086479187012,31
2,1,17.95122178395589,3.063217142919072,6.0,14.52684211730957,21.014351844787598,32
2,2,17.315752601623537,2.9782909295724154,5.0,14.430619812011718,20.44418601989746,33
2,3,16.319376945495605,3.8242021155245105,5.0,13.770136642456055,20.39072608947754,34
2,4,17.244132423400877,4.401119521815091,5.0,13.88396987915039,22.210172271728517,35
2,5,18.701475143432617,3.8363667839241424,6.0,14.070889472961426,22.122342109680176,36
2,6,19.22609535853068,3.641311669152272,6.0,15.090104579925537,22.567941665649414,37
2,7,18.44532230922154,3.7900433152013226,7.0,13.899293899536133,22.2204833984375,38
2,8,17.697353998819988,2.6751878643473406,6.0,14.766456604003906,20.49432945251465,39
2,9,17.348355102539063,2.7131558588726823,5.0,14.891327667236329,20.307808685302735,40
2,10,16.882804679870606,4.144319506694303,5.0,14.074801445007324,21.144375610351563,41
2,11,17.61912250518799,4.299597333354451,5.0,14.134749603271484,22.38507957458496,42
2,12,18.98643684387207,3.8719313340189365,6.0,14.550104141235352,22.60516357421875,43
2,13,19.14012622833252,3.681584723303518,6.0,15.207237243652344,22.651119232177734,44
2,14,18.82375226702009,3.8762162094445904,7.0,14.470817756652831,22.683590698242188,45
2,15,18.77132911682129,2.5113703086374723,5.0,16.024109649658204,20.988462829589842,46
2,16,18.02104663848877,2.4962038639040793,5.0,15.886117744445801,20.787760162353514,47
2,17,16.12864335378011,0.6538624270965305,3.0,15.601681900024413,16.64748344421387,48
2,18,17.17899990081787,4.95000285511225,4.0,13.776322364807129,21.850239753723145,49
2,19,18.405044555664062,4.986507196594496,4.0,13.834510993957519,23.107963371276856,50
2,20,19.87764263153076,4.334534025843168,5.0,15.820229148864746,23.240777587890626,51
2,21,19.269302368164062,4.048091595221556,6.0,14.638254165649414,22.821934700012207,52
2,22,18.211735248565674,2.6730930672223168,6.0,15.587289333343506,21.104324340820312,53
2,23,17.57999038696289,2.850997499087533,5.0,15.222931480407714,20.713751983642577,54
2,24,16.712848472595216,4.644044153378181,5.0,13.23934326171875,21.22010040283203,55
2,25,17.669932746887206,4.9823854216559935,5.0,13.453648948669434,23.145146560668945,56
2,26,18.988710403442383,4.377248188285737,6.0,13.993971824645996,23.14631748199463,57
2,27,18.90794086456299,4.167502211405977,6.0,14.149857521057129,22.617724418640137,58
2,28,18.32188974108015,4.084361691216214,7.0,13.995865821838379,22.27213478088379,59
2,29,19.7957706451416,0.0,1.0,19.7957706451416,19.7957706451416,60
3,1,17.96631368001302,2.5751528238742982,6.0,15.293739318847656,20.465197563171387,61
3,2,16.162546920776368,2.967537384543263,5.0,13.619469833374023,18.967683410644533,62
3,3,17.200440406799316,4.2602187332042085,5.0,14.038404655456542,21.203165435791018,63
3,4,18.12273708979289,4.056813685098583,6.0,14.355848789215088,22.35070514678955,64
3,5,19.026899814605713,4.28099875161641,6.0,14.460216999053955,23.105637550354004,65
3,6,19.102482000986736,4.276504382615041,6.0,14.48964548110962,22.95297336578369,66
3,7,19.649272282918293,3.5135809431993588,6.0,15.949254035949707,23.226985931396484,67
3,8,18.202964146931965,2.2887983877288716,6.0,15.94057846069336,20.41122341156006,68
3,9,16.403890991210936,3.4553461257873623,5.0,13.27076473236084,19.43850212097168,69
3,10,17.205192947387694,4.581006749576256,5.0,13.428016853332519,21.540285873413087,70
3,11,18.182617505391438,4.568304270636943,6.0,13.40588665008545,22.46747875213623,71
3,12,19.02239418029785,4.757849986630592,6.0,13.990095138549805,23.059378623962402,72
3,13,19.117074807484943,4.684738035448195,6.0,13.965875148773193,23.259573936462402,73
3,14,19.783949216206867,3.67941049355701,6.0,15.869397163391113,23.407154083251953,74
3,15,18.204137325286865,2.493373931417159,6.0,15.401666164398193,20.563264846801758,75
3,16,15.992897605895996,4.09414074486019,5.0,12.131538200378419,19.66770362854004,76
3,17,16.993764305114745,5.802200768889064,5.0,12.343516159057618,22.685161590576172,77
3,18,18.08877420425415,5.700913238633305,6.0,12.31325101852417,23.158611297607422,78
3,19,19.069990317026775,5.215720437486463,6.0,13.897657871246338,23.693873405456543,79
3,20,18.691281000773113,5.222682468691516,6.0,12.997407913208008,23.399085998535156,80
3,21,19.84928321838379,3.794180743031422,6.0,16.11692237854004,23.71523952484131,81
3,22,18.193703651428223,2.1782237548857655,6.0,15.886590957641602,20.413705825805664,82
3,23,15.70365047454834,4.002147443792956,5.0,11.902299118041991,19.10628890991211,83
3,24,17.183591079711913,6.2640300227202435,5.0,12.169539642333984,23.01147804260254,84
3,25,18.12766758600871,5.707213691672103,6.0,12.93222188949585,23.528708457946777,85
3,26,19.123013337453205,5.458723135148801,6.0,13.552709102630615,24.04116725921631,86
3,27,19.05384651819865,5.357958257085573,6.0,13.53025197982788,23.898104667663574,87
3,28,20.11098861694336,3.7513782111095497,6.0,16.48958110809326,23.902560234069824,88
3,29,18.208544540405274,2.287443541017019,5.0,16.410041046142577,20.773669052124024,89
3,30,15.075164794921875,2.826124787278511,4.0,12.391137504577637,16.749262046813964,90
3,31,17.60947608947754,5.494435725695205,5.0,13.387592697143555,22.712107467651368,91
4,1,18.613008817036945,5.134272807182564,6.0,13.882657051086426,23.54284381866455,92
4,2,20.067150497436522,5.225184172094677,5.0,15.079394912719726,24.658636856079102,93
4,3,19.756264527638752,5.072904279869753,6.0,14.35021448135376,24.530818939208984,94
4,4,20.224051475524902,3.427781225680279,6.0,16.569767951965332,23.51400089263916,95
4,5,18.75266965230306,2.393862769718638,6.0,16.469362258911133,21.382081985473633,96
4,6,16.822175598144533,3.0271909536722945,5.0,14.251270294189453,19.587490463256835,97
4,7,17.755929470062256,5.157211693744627,4.0,13.76866512298584,22.460447311401367,98
4,8,18.48482656478882,4.275720056785914,6.0,14.113871097564697,22.801958084106445,99
4,9,19.66613006591797,4.552171042826737,6.0,14.778454780578613,23.63543128967285,100
4,10,20.884933471679688,3.322580605713603,5.0,17.72331314086914,23.94379005432129,101
4,11,20.2936209042867,3.828143212644566,6.0,16.291746616363525,24.13367462158203,102
4,12,18.755013465881348,2.2541321349391,6.0,16.537521362304688,21.14277935028076,103
4,13,16.957707405090332,3.3895471216413964,5.0,13.958994102478027,20.025581741333006,104
4,14,17.976654624938966,5.391707852687409,5.0,13.926738166809082,23.059138107299805,105
4,15,19.37975730895996,5.543131642741288,5.0,14.259615707397462,24.440176010131836,106
4,16,19.80031617482503,5.169063552312203,6.0,14.831405639648438,24.70723533630371,107
4,17,19.77298402786255,5.346057117452596,6.0,14.388104915618896,24.832592964172363,108
4,18,19.225845336914062,2.154972683603727,5.0,16.906039810180665,21.192642211914062,109
4,19,18.728432846069335,2.272634201354412,5.0,16.81599006652832,21.25709114074707,110
4,20,16.97691059112549,3.7270366603562715,5.0,13.509932518005371,20.112044906616212,111
4,21,18.23947048187256,6.2808807243670834,5.0,13.355259132385253,24.178518295288086,112
4,22,19.108859062194824,5.957797333720882,6.0,13.901655197143555,24.86019992828369,113
4,23,20.079116662343342,6.102798351179295,6.0,14.056139469146729,25.769022941589355,114
4,24,20.061394691467285,6.420702042217591,6.0,13.925782203674316,26.15187644958496,115
4,25,20.859782854715984,5.253271491239478,6.0,16.45981502532959,26.162235260009766,116
4,26,18.663445313771565,2.2129409348920155,6.0,16.409017086029053,21.045793533325195,117
4,27,16.67261028289795,3.6529218055870767,5.0,13.18711814880371,20.11103172302246,118
4,28,18.49353771209717,7.02708698465525,5.0,13.480101394653321,25.52759475708008,119
4,29,19.071927706400555,6.115701187919053,6.0,14.100999355316162,25.435845375061035,120
4,30,19.807613531748455,5.737164918782997,6.0,14.168552875518799,25.261475563049316,121
5,1,20.10945240656535,5.52599779719772,6.0,15.241669178009033,25.206122398376465,122
5,2,20.520260492960613,4.886889258736355,6.0,16.457653045654297,25.25254535675049,123
5,3,18.43194850285848,2.3433059764426516,6.0,15.694337368011475,20.778797149658203,124
5,4,16.7088716506958,3.136714791528793,5.0,13.696035194396973,19.758493423461914,125
5,5,18.597779846191408,6.5683757597797685,5.0,13.732938003540038,25.2957706451416,126
5,6,19.268038113911945,6.2422147131575985,6.0,14.01059341430664,25.701313018798828,127
5,7,20.086055437723797,6.027352586060454,6.0,14.52364730834961,25.804512977600098,128
5,8,20.442197640736897,5.945578449833489,6.0,15.68439245223999,25.959224700927734,129
5,9,20.873332023620605,5.1912815371956595,6.0,16.96864604949951,25.852713584899902,130
5,10,18.5716077486674,2.774685414489928,6.0,15.248549938201904,21.240877151489258,131
5,11,16.484442138671874,3.5493035211960637,5.0,13.02169303894043,20.158680725097657,132
5,12,18.31939353942871,7.190550909811304,5.0,13.012464141845703,25.920256423950196,133
5,13,18.809985955556233,6.873967241949534,6.0,13.171530723571777,26.422205924987793,134
5,14,20.167002995808918,6.839565628784026,6.0,13.655142784118652,27.141809463500977,135
5,15,20.680432478586834,6.543032920947359,6.0,15.116441249847412,27.151987075805664,136
5,16,21.143086115519207,5.515957481945731,6.0,16.848862648010254,26.854453086853027,137
5,17,18.283206462860107,3.2016499422182085,6.0,14.632864475250244,21.48016929626465,138
5,18,15.9257417678833,3.5144427644388796,5.0,12.574758720397949,19.65925827026367,139
5,19,18.060830688476564,7.857874896811351,5.0,12.352729797363281,26.23618621826172,140
5,20,18.83440891901652,7.0907302771040115,6.0,12.745664596557617,26.79794216156006,141
5,21,19.723555246988933,6.950447681385327,6.0,12.743339538574219,26.978032112121582,142
5,22,20.460698922475178,6.28109283619926,6.0,15.051538944244385,26.672852516174316,143
5,23,21.120405356089275,5.414788195427079,6.0,16.89903211593628,26.785964012145996,144
5,24,18.252478917439777,3.137139461493425,6.0,14.710127830505371,21.423866271972656,145
5,25,17.00952982902527,3.0576752580166238,4.0,14.157299518585205,19.855198287963866,146
5,26,14.854799032211304,2.7462366091250985,4.0,12.401076984405517,17.47716407775879,147
5,27,18.197407960891724,8.61119624543183,4.0,12.710708236694336,26.36887884140015,148
5,28,19.513097953796386,7.387513035095504,5.0,12.780159950256348,27.29118881225586,149
5,29,20.551066207885743,6.817573129251767,5.0,14.473621368408203,27.142786407470705,150
5,30,21.7681095123291,4.937287981758437,5.0,18.300830078125,26.85652847290039,151
5,31,18.812975311279295,2.371857474428628,5.0,16.39715232849121,21.167176055908204,152
6,1,16.27359733581543,3.1346530357273488,5.0,13.292602348327637,19.42795753479004,153
6,2,18.56071319580078,6.848645299968383,5.0,13.619627380371094,25.53764572143555,154
6,3,19.2037672996521,6.4036450489754575,6.0,13.65635061264038,26.330119132995605,155
6,4,19.983825206756592,6.0410842680218995,6.0,13.935168743133545,26.103717803955078,156
6,5,20.71285088857015,5.423964212479169,6.0,16.349571228027344,26.160139083862305,157
6,6,20.9878724416097,5.0466690879238385,6.0,17.207195281982422,26.191739082336426,158
6,7,18.373917897542317,2.72167832877138,6.0,15.22156047821045,21.0076265335083,159
6,8,16.67959976196289,2.7352672074294873,5.0,14.252817916870118,19.662134170532227,160
6,9,18.545662879943848,6.71872173402175,5.0,14.275653457641601,25.464025497436523,161
6,10,19.004284858703613,6.1450675748135986,6.0,14.317790031433105,25.825716018676758,162
6,11,20.02346118291219,6.275636213814354,6.0,14.000210285186768,26.27411460876465,163
6,12,20.554681460062664,5.8767892790040674,6.0,15.69896125793457,26.316381454467773,164
6,13,20.746079603830974,5.263524137118179,6.0,16.504973888397217,25.933648109436035,165
6,14,18.061795393625896,2.6787863004109647,6.0,14.894774913787842,20.76035785675049,166
6,15,16.376075744628906,2.9632530124275136,5.0,13.775687408447265,19.60089988708496,167
6,16,18.312353324890136,6.878184499904138,5.0,13.966179847717285,25.400710296630862,168
6,17,18.687901814778645,6.09026348391806,6.0,13.917593002319336,25.34649085998535,169
6,18,19.53562053044637,5.927931067509113,6.0,13.573546886444092,25.349980354309082,170
6,19,17.479286511739094,3.9488152524767477,3.0,14.205140686035156,20.088761138916016,171
6,20,21.626447677612305,4.536162171610112,5.0,18.384746932983397,26.220803833007814,172
6,21,17.996851285298664,2.755864902601235,6.0,14.718332290649414,20.559810638427734,173
6,22,16.02091693878174,2.8871834387759576,5.0,13.599174308776856,19.175237274169923,174
6,23,17.6934175491333,6.58986505572348,5.0,13.538945198059082,24.418947982788087,175
6,24,18.692793528238933,6.26786560045018,6.0,13.402953624725342,25.319135665893555,176
6,25,19.62275743484497,5.819044433543756,6.0,13.749699115753174,25.24564552307129,177
6,26,20.106263319651287,5.626574730514146,6.0,14.968874454498291,25.41262435913086,178
6,27,20.29859733581543,5.121958293090734,6.0,15.9326753616333,25.267067909240723,179
6,28,17.729116598765057,2.943972218615184,6.0,14.253319263458252,20.402287483215332,180
6,29,15.743551445007324,3.0402778463200852,5.0,13.162638854980468,19.09487648010254,181
6,30,17.807777404785156,7.335345500388189,5.0,13.05287208557129,25.427431869506837,182
7,1,18.587091128031414,6.560239650064852,6.0,13.452939510345459,25.51122283935547,183
7,2,19.621501922607422,6.0594423489789415,6.0,13.84189510345459,25.648290634155273,184
7,3,21.808121109008788,4.862216471425461,5.0,18.548507308959962,26.749781799316406,185
7,5,18.4106388092041,3.0396089569205147,5.0,15.226970672607422,20.70447196960449,187
7,6,15.523976135253907,3.017735327312769,5.0,13.17599277496338,18.926110458374023,188
7,7,17.61537609100342,6.85974021759822,5.0,13.402116394042968,24.79577560424805,189
7,8,18.362052122751873,6.442026260169168,6.0,13.143254280090332,25.35629177093506,190
7,9,19.521175861358643,5.943511339699795,6.0,13.356382846832275,25.50731658935547,191
7,10,20.30433702468872,5.381886197091431,6.0,15.380917072296143,25.76842975616455,192
7,11,20.13913567860921,5.287165855016633,6.0,15.23653793334961,25.52889633178711,193
7,12,17.655337810516357,3.909142115289075,6.0,12.974182605743408,21.14581871032715,194
7,13,15.374552154541016,3.307707794652926,5.0,12.854690742492675,19.1029411315918,195
7,14,17.08410358428955,6.682162410186117,5.0,12.649353790283204,24.260710525512696,196
7,15,18.267004648844402,6.297907710264183,6.0,13.013507843017578,25.293896675109863,197
7,16,19.279098669687908,5.882042135605675,6.0,12.857722759246826,25.37369728088379,198
7,17,20.138681093851726,5.125820964597943,6.0,15.474287033081055,25.239850997924805,199
7,18,20.375489711761475,4.709726019814661,6.0,16.333625316619873,25.039204597473145,200
7,19,17.940656979878742,3.345494057878508,6.0,13.86133098602295,20.77565097808838,201
7,20,15.795793533325195,3.236290027417881,5.0,12.930178833007812,19.351512145996093,202
7,21,17.65590419769287,6.530246312660853,5.0,13.137328720092773,24.70423927307129,203
7,22,18.387347380320232,6.108655988145559,6.0,13.174595355987549,25.19485092163086,204
7,23,19.218129952748615,5.819235343037175,6.0,13.06532621383667,25.227495193481445,205
7,24,20.334773540496826,4.761421287891312,6.0,16.243313312530518,25.000139236450195,206
7,25,20.51654307047526,4.326002699059001,6.0,16.767850875854492,24.74240493774414,207
7,26,18.029066880544026,3.573151920113604,6.0,13.59437894821167,20.936516761779785,208
7,27,16.061223411560057,3.309146327567319,5.0,13.08964557647705,19.622726821899413,209
7,28,17.562933731079102,6.075826174642911,5.0,13.079064750671387,24.199138259887697,210
7,29,18.459474722544353,5.904536631817841,6.0,13.344907283782959,25.007405281066895,211
7,30,19.083905061086018,5.429539923719747,6.0,13.126758098602295,24.565805435180664,212
7,31,20.135454813639324,4.634234730346336,6.0,16.102425575256348,24.716450691223145,213
8,1,20.308440844217937,4.249965678068265,6.0,16.789203643798828,24.620338439941406,214
8,2,17.5932404200236,3.4338331480116002,6.0,13.446734428405762,20.739042282104492,215
8,3,15.49817352294922,3.4029015373346994,5.0,12.625455284118653,19.293567657470703,216
8,4,17.03694248199463,6.518363896942941,5.0,12.524441719055176,24.038711166381837,217
8,5,17.79838212331136,6.096387120660785,6.0,12.564191818237305,24.634224891662598,218
8,6,18.89944871266683,5.726659124460503,6.0,12.648093223571777,24.58440399169922,219
8,7,19.9294540087382,5.140450190369462,6.0,15.41437578201294,24.892425537109375,220
8,8,20.398226896921795,4.877870123050397,6.0,16.170267581939697,25.33420467376709,221
8,9,17.761360963185627,3.6451924919723564,6.0,13.298851490020752,20.89149570465088,222
8,10,15.559494972229004,3.4381741204239837,5.0,12.386431312561035,19.27001495361328,223
8,11,17.417176818847658,6.763649018658225,5.0,12.500332641601563,24.598294830322267,224
8,12,18.48112726211548,6.451302096065955,6.0,12.562723636627197,25.690030097961426,225
8,13,19.400513490041096,6.441646356692083,6.0,12.599734783172607,26.09369659423828,226
8,14,20.187281131744385,5.501419211099462,6.0,15.34101152420044,25.860764503479004,227
8,15,20.674444993336994,4.934944181583905,6.0,16.61257314682007,26.16405487060547,228
8,16,17.94407892227173,3.5979889205622153,6.0,13.881935596466064,21.184975624084473,229
8,17,15.521661186218262,3.199940490202978,5.0,12.489224624633788,18.926851654052733,230
8,18,17.52183246612549,7.108721956568973,5.0,12.659517860412597,25.089412689208984,231
8,19,16.42158145904541,4.679768087406868,5.0,12.731690788269043,21.681616592407227,232
8,20,17.542099380493163,4.729933683430422,5.0,12.657316589355469,21.969164276123045,233
8,21,18.515594291687012,4.033676564450277,5.0,14.697215843200684,21.870868301391603,234
8,22,18.77845516204834,3.3489761970499896,5.0,15.648042488098145,21.72425193786621,235
8,23,17.913228511810303,3.722008502716078,6.0,13.785908222198486,21.246204376220703,236
8,24,15.4900634765625,3.048694095278413,5.0,12.699283218383789,18.786790466308595,237
8,25,14.76268196105957,2.7002192831335323,4.0,12.643795776367188,17.361591339111328,238
8,26,16.538757133483887,4.672364057723144,5.0,12.577408599853516,21.618959426879883,239
8,27,17.40744285583496,4.64708203552116,5.0,12.641797256469726,21.832966995239257,240
8,28,18.328287506103514,4.015929093779158,5.0,14.621088790893555,21.648966217041014,241
8,29,18.94699172973633,2.896486661482242,5.0,16.508917999267577,21.553962326049806,242
8,30,18.110309441884358,3.4061725772606186,6.0,14.408318996429443,21.20802402496338,243
8,31,15.612190055847169,3.026980713744033,5.0,12.714422988891602,18.703420639038086,244
9,1,14.772611141204834,2.8352554828453256,4.0,12.467778396606445,17.385070991516113,245
9,2,13.814332008361816,1.862060101120542,3.0,12.275041770935058,15.215880393981934,246
9,3,16.999365091323853,4.98113724132383,4.0,12.631955432891846,21.836157417297365,247
9,4,18.007522583007812,4.560243398156764,4.0,13.829339218139648,21.780076217651366,248
9,5,19.46292781829834,2.529451736728357,4.0,17.662982749938966,21.924201011657715,249
9,6,18.557435607910158,2.7288916680416944,5.0,16.046930694580077,21.265155792236328,250
9,7,16.20439314842224,2.0896018361210595,4.0,14.304027080535889,18.181032371520995,251
9,8,14.417538404464722,2.111594280237002,4.0,12.466818809509277,16.359874629974364,252
9,9,16.393886375427247,4.406055543674305,5.0,12.483950805664062,21.206348037719728,253
9,10,17.08050670623779,4.4709620854448895,5.0,12.315003776550293,21.222783279418945,254
9,11,17.68409843444824,4.115370669078693,5.0,13.61081657409668,21.24473419189453,255
9,12,18.53830966949463,2.911268410150488,5.0,15.847632026672363,21.408692169189454,256
9,13,17.89505624771118,3.3492012380956226,6.0,14.323838710784912,21.274642944335938,257
9,14,15.272768592834472,2.951902846474152,5.0,12.403155708312989,18.25390167236328,258
9,15,14.466779708862305,2.7885023778404303,4.0,12.149035167694091,16.93395013809204,259
9,16,16.572750854492188,4.681134325441389,5.0,12.598544692993164,21.693389892578125,260
9,17,17.202445030212402,4.439862734623495,5.0,12.468209838867187,21.267819213867188,261
9,18,17.912876319885253,4.296471902924566,5.0,13.730869483947753,21.27913475036621,262
9,19,18.748107528686525,2.84966774013124,5.0,16.084444046020508,21.335040283203124,263
9,20,17.883026440938313,3.344721162965563,6.0,14.095741271972656,21.118629455566406,264
9,21,15.161979866027831,3.3637185506627496,5.0,12.178025054931641,18.70923271179199,265
9,22,14.123058795928955,2.489087198409921,4.0,11.986282062530517,16.26413621902466,266
9,23,15.976150703430175,4.819166119888906,5.0,11.680511283874512,21.197458267211914,267
9,24,17.182695579528808,4.863212893240723,5.0,11.992191696166993,21.53167839050293,268
9,25,17.840346908569337,4.4825828382752855,5.0,13.339193725585938,21.51862144470215,269
9,26,18.375725555419923,3.890585849593416,5.0,14.599750518798828,21.919141006469726,270
9,27,17.625866572062176,3.900100070041717,6.0,13.424165725708008,21.46379852294922,271
9,28,14.8604248046875,3.52834461108857,5.0,11.739742279052734,18.64044532775879,272
9,29,13.595008373260498,2.7995658634425125,4.0,11.301682662963866,16.120543479919434,273
9,30,15.933557510375977,5.092930171090876,5.0,11.7153169631958,21.522019577026366,274
10,1,17.088681030273438,4.955006394036773,5.0,11.833875274658203,21.719669342041016,275
10,2,17.754758453369142,4.239107342349213,5.0,13.438174057006837,21.34112892150879,276
10,3,18.37681350708008,3.1585368985101665,5.0,15.176655960083007,21.363368606567384,277
10,4,17.53698952992757,3.4944797261914085,6.0,13.737467765808105,20.867688179016113,278
10,5,14.775059700012207,3.2049826534100094,5.0,11.703071403503419,18.17348518371582,279
10,6,13.504544973373413,2.6781617244511615,4.0,11.163728618621827,16.043328666687014,280
10,7,15.641996002197265,4.856051274309401,5.0,11.317423248291016,20.956932830810548,281
10,8,16.63731918334961,4.921339599937519,5.0,11.38002700805664,21.10977210998535,282
10,9,17.520397186279297,4.240935545442797,5.0,13.25073699951172,20.972614669799803,283
10,10,18.17107219696045,3.0949188684810287,5.0,15.213271522521973,21.005733489990234,284
10,11,17.26026137669881,3.6864694783041756,6.0,13.184211254119873,20.915738105773926,285
10,12,14.456642150878906,3.1931096183073757,5.0,11.371345520019531,17.841510009765624,286
10,13,13.3839693069458,2.617839378278666,4.0,11.049388885498047,15.901962280273438,287
10,14,15.687753295898437,5.158683592248881,5.0,11.070062637329102,21.347898864746092,288
10,15,16.585093879699706,5.089066359530352,5.0,11.115354919433594,21.112054443359376,289
10,16,17.697017860412597,4.482800200043989,5.0,13.162396812438965,21.345509338378907,290
10,17,18.29868850708008,3.0345371043459606,5.0,15.331601333618163,21.088746643066408,291
10,18,17.23798179626465,3.765663294269246,6.0,13.102643013000488,20.904629707336426,292
10,19,14.483301544189453,3.220214891260626,5.0,11.41532096862793,17.919191741943358,293
10,20,13.415427446365356,2.483155302232327,4.0,11.330863952636719,15.798966884613037,294
10,21,15.72435646057129,4.697653366207188,5.0,11.795635604858399,20.91959991455078,295
10,22,16.746467208862306,4.5561734456787235,5.0,12.071608543395996,20.973814010620117,296
10,23,17.56729621887207,3.8754148947965734,5.0,13.85805015563965,20.973002624511718,297
10,24,17.853511238098143,3.3751275828722096,5.0,14.840425300598145,21.0169979095459,298
10,25,17.020681222279865,3.498831234762928,6.0,13.317646503448486,20.362974166870117,299
10,26,14.685372161865235,2.7555891147226412,5.0,12.18442268371582,17.666143035888673,300
10,27,13.699119329452515,2.3047238510019215,4.0,11.816891098022461,15.96038522720337,301
10,28,15.635786819458009,4.583791886108119,5.0,11.74169044494629,20.68617935180664,302
10,29,16.19422435760498,4.352433963818579,5.0,11.707721138000489,20.24778633117676,303
10,30,17.016494750976562,3.8197526674112594,5.0,13.483716201782226,20.1980712890625,304
10,31,17.53167724609375,2.703635373415919,5.0,15.13951530456543,19.969088745117187,305
11,1,16.945615768432617,3.1875989262051356,6.0,13.264177322387695,20.000164031982422,306
11,2,15.006965637207031,3.3112709683093215,5.0,11.894672203063966,18.55212821960449,307
11,3,14.199588060379028,3.0157904275866967,4.0,11.854253673553467,17.073770141601564,308
11,4,15.48839111328125,4.094212140658046,5.0,11.869168853759765,19.8438777923584,309
11,5,16.40383186340332,3.9574313361483124,5.0,12.328499221801758,20.306549072265625,310
11,6,17.47742748260498,3.5098127576658635,5.0,13.907868766784668,20.507439804077148,311
11,7,18.006606101989746,2.8304576668040196,5.0,15.221211433410645,20.678229904174806,312
11,8,17.0707426071167,3.041983150245583,6.0,13.83477783203125,20.049409866333008,313
11,9,15.41705265045166,2.476145546037412,5.0,13.222140121459962,18.139209365844728,314
11,10,14.8244469165802,2.062497847276639,4.0,13.419978809356689,16.813105583190918,315
11,11,15.816793823242188,3.2337516637475368,5.0,13.59825839996338,19.15905647277832,316
11,12,16.27959613800049,3.525512488833974,5.0,13.3296142578125,20.198181915283204,317
11,13,16.90070972442627,3.2295651950582083,5.0,13.617136001586914,20.04685401916504,318
11,14,17.313315200805665,2.964605586141637,5.0,14.303793907165527,20.14004554748535,319
11,15,17.231254895528156,2.8056388310790323,6.0,14.227476119995117,20.057419776916504,320
11,16,15.73380012512207,2.79824544969464,5.0,13.440158462524414,18.839476776123046,321
11,17,14.728875398635864,2.5262513955249792,4.0,13.15894079208374,17.15354995727539,322
11,18,15.499531173706055,3.4554559137554555,5.0,13.21012191772461,19.1517276763916,323
11,19,16.41013660430908,3.7019719818983297,5.0,13.085895919799805,20.45697364807129,324
11,20,17.37169666290283,3.388394512064958,5.0,13.807922172546387,20.409374618530272,325
11,21,17.542959785461427,3.1546057983390123,5.0,14.278439712524413,20.461051559448244,326
11,22,16.539271545410156,3.071266040178849,5.0,14.225675201416015,20.005072021484374,327
11,23,14.987024545669556,2.6228224456461438,4.0,13.03733034133911,17.45918674468994,328
11,24,15.449151039123535,3.073722106218354,3.0,13.226496315002441,18.00613651275635,329
11,25,15.58518671989441,3.767586046624459,4.0,13.037174510955811,19.151316261291505,330
11,26,17.084712028503418,3.470673665473733,4.0,14.187455940246583,20.444034767150878,331
11,27,17.03484973907471,3.656607406296962,5.0,13.052376174926758,20.21472930908203,332
11,28,17.387075742085774,2.817058457313573,3.0,15.104071044921875,19.0318244934082,333
11,29,16.80271275838216,3.2921631591457134,6.0,13.713953018188477,20.07290744781494,334
11,30,15.719262313842773,3.1852210575560584,5.0,12.820080184936524,19.15084915161133,335
12,1,15.113794565200806,3.0740515527709946,4.0,13.045804309844971,18.124785804748537,336
12,2,15.240740203857422,3.3730537537082625,5.0,13.402355003356934,18.568642807006835,337
12,3,15.990123558044434,3.835670999094214,5.0,13.147964477539062,20.325761795043945,338
12,4,17.393674087524413,3.368091792407452,5.0,13.846185493469239,20.481442260742188,339
12,5,17.542906522750854,3.578266926462763,4.0,14.524263095855712,21.00743179321289,340
12,6,16.985743204752605,3.2559251286542623,6.0,13.937427997589111,20.43086338043213,341
12,7,15.873531723022461,2.7825506667811264,5.0,13.437374114990234,18.937440872192383,342
12,8,15.271899938583374,2.866171895404016,4.0,13.399524688720703,18.057507038116455,343
12,9,15.600661849975586,3.4309593724884193,5.0,13.440453338623048,18.904373168945312,344
12,10,16.27155818939209,3.537157103852961,5.0,13.477234840393066,20.20346908569336,345
12,11,17.524498558044435,3.229036875256544,5.0,14.221203231811524,20.69516372680664,346
12,12,17.869479751586915,2.963755603848909,5.0,14.8872652053833,20.794311904907225,347
12,13,17.15412934621175,3.5265771181518164,6.0,13.750754356384277,20.85965347290039,348
12,14,15.912708854675293,3.277797404809652,5.0,12.862259674072266,19.44845314025879,349
12,15,15.167648315429688,3.29380107630494,4.0,12.787549018859863,18.329817008972167,350
12,16,15.65929012298584,3.526133846810049,5.0,13.292567443847656,19.081317520141603,351
12,17,16.284758377075196,3.436881867857793,5.0,13.372112274169922,20.021080780029298,352
12,18,17.53811912536621,2.9347317837141027,5.0,14.430094146728516,20.32214775085449,353
12,19,17.642424964904784,2.8605273190421374,5.0,14.71017894744873,20.473816299438475,354
12,20,16.5877587000529,3.48155417449292,6.0,13.061467170715332,20.195128440856934,355
12,21,15.773100471496582,3.1910021155110675,5.0,12.604474830627442,18.99126205444336,356
12,22,15.228375434875488,3.282787551598906,4.0,12.442405033111573,18.264173793792725,357
12,23,15.382728004455567,3.374012944099758,5.0,12.785392761230469,18.66547088623047,358
12,24,16.964974880218506,3.22201700563569,4.0,14.385993576049804,20.147863578796386,359
12,26,18.32498788833618,2.8889271888815706,4.0,15.530736351013184,20.63661117553711,361
12,27,16.685068766276043,3.606142381861462,6.0,12.810661792755127,20.285155296325684,362
12,28,15.977784156799316,3.269729562916485,5.0,12.713480377197266,19.217400741577148,363
12,29,15.373397588729858,3.476219596466199,4.0,12.308565616607666,18.58418388366699,364
12,30,15.352892112731933,3.4692229279659106,5.0,12.516647148132325,18.934346771240236,365
12,31,15.79891128540039,3.834368903395936,5.0,12.392057800292969,19.935266494750977,366
